Cid,name,card,address,picture
1,James Noah,488206287227,TUAM,cust1.jpg
2,Noah George,992335151190,CLAREGALWAY,cust2.jpg
3,William Maria,679469665596,HEADFORD,cust3.jpg
4,Jack Jack,506043814272,BSLOW,cust4.jpg
5,Emma Sarah,745551546165,BSLOW,cust5.jpg
6,Olivia Paul,107071811442,RENMORE,cust6.jpg
7,Oliver Benjamin,873875195253,BALLYBANE,cust7.jpg
8,Daniel Andrew,264908040108,BALLYBRIT,cust8.jpg
9,Thomas Emma,249137838123,SALTHIILL,cust9.jpg
10,David Peter,870495030355,RENMORE,cust10.jpg
